[{"model": "admin.logentry", "pk": 1, "fields": {"action_time": "2023-01-18T07:15:40.812Z", "user": 1, "content_type": 10, "object_id": "1", "object_repr": "День рождения", "action_flag": 1, "change_message": "[{\"added\": {}}]"}}, {"model": "admin.logentry", "pk": 2, "fields": {"action_time": "2023-01-18T07:15:53.051Z", "user": 1, "content_type": 10, "object_id": "2", "object_repr": "Свадьба", "action_flag": 1, "change_message": "[{\"added\": {}}]"}}, {"model": "admin.logentry", "pk": 3, "fields": {"action_time": "2023-01-18T07:15:59.833Z", "user": 1, "content_type": 10, "object_id": "3", "object_repr": "8 марта", "action_flag": 1, "change_message": "[{\"added\": {}}]"}}, {"model": "admin.logentry", "pk": 4, "fields": {"action_time": "2023-01-18T07:16:21.029Z", "user": 1, "content_type": 9, "object_id": "1", "object_repr": "до 500р", "action_flag": 1, "change_message": "[{\"added\": {}}]"}}, {"model": "admin.logentry", "pk": 5, "fields": {"action_time": "2023-01-18T07:16:28.231Z", "user": 1, "content_type": 9, "object_id": "2", "object_repr": "до 1000р", "action_flag": 1, "change_message": "[{\"added\": {}}]"}}, {"model": "admin.logentry", "pk": 6, "fields": {"action_time": "2023-01-18T07:16:37.052Z", "user": 1, "content_type": 9, "object_id": "3", "object_repr": "до 1500р", "action_flag": 1, "change_message": "[{\"added\": {}}]"}}, {"model": "admin.logentry", "pk": 7, "fields": {"action_time": "2023-01-18T07:16:47.168Z", "user": 1, "content_type": 9, "object_id": "4", "object_repr": "до 2000р", "action_flag": 1, "change_message": "[{\"added\": {}}]"}}, {"model": "admin.logentry", "pk": 8, "fields": {"action_time": "2023-01-18T07:17:09.813Z", "user": 1, "content_type": 9, "object_id": "3", "object_repr": "до 1500р", "action_flag": 3, "change_message": ""}}, {"model": "admin.logentry", "pk": 9, "fields": {"action_time": "2023-01-18T07:17:54.620Z", "user": 1, "content_type": 9, "object_id": "5", "object_repr": "более 2000р", "action_flag": 1, "change_message": "[{\"added\": {}}]"}}, {"model": "admin.logentry", "pk": 10, "fields": {"action_time": "2023-01-18T07:18:10.376Z", "user": 1, "content_type": 9, "object_id": "2", "object_repr": "500 -  1000р", "action_flag": 2, "change_message": "[{\"changed\": {\"fields\": [\"\\u041a\\u0430\\u0442\\u0435\\u0433\\u043e\\u0440\\u0438\\u044f \\u0446\\u0435\\u043d\\u044b\"]}}]"}}, {"model": "admin.logentry", "pk": 11, "fields": {"action_time": "2023-01-18T07:18:20.080Z", "user": 1, "content_type": 9, "object_id": "4", "object_repr": "1000 - 2000р", "action_flag": 2, "change_message": "[{\"changed\": {\"fields\": [\"\\u041a\\u0430\\u0442\\u0435\\u0433\\u043e\\u0440\\u0438\\u044f \\u0446\\u0435\\u043d\\u044b\"]}}]"}}, {"model": "admin.logentry", "pk": 12, "fields": {"action_time": "2023-01-18T07:19:07.670Z", "user": 1, "content_type": 8, "object_id": "1", "object_repr": "Нежность", "action_flag": 1, "change_message": "[{\"added\": {}}]"}}, {"model": "admin.logentry", "pk": 13, "fields": {"action_time": "2023-01-18T07:28:03.982Z", "user": 1, "content_type": 8, "object_id": "1", "object_repr": "Нежность", "action_flag": 2, "change_message": "[{\"changed\": {\"fields\": [\"\\u041a\\u0430\\u0440\\u0442\\u0438\\u043d\\u043a\\u0430 \\u0431\\u0443\\u043a\\u0435\\u0442\\u0430\"]}}]"}}, {"model": "admin.logentry", "pk": 14, "fields": {"action_time": "2023-01-18T16:30:59.856Z", "user": 1, "content_type": 10, "object_id": "4", "object_repr": "14 февраля", "action_flag": 1, "change_message": "[{\"added\": {}}]"}}, {"model": "admin.logentry", "pk": 15, "fields": {"action_time": "2023-01-19T19:05:38.839Z", "user": 1, "content_type": 8, "object_id": "2", "object_repr": "Герберы", "action_flag": 1, "change_message": "[{\"added\": {}}]"}}, {"model": "admin.logentry", "pk": 16, "fields": {"action_time": "2023-01-19T19:05:56.804Z", "user": 1, "content_type": 8, "object_id": "2", "object_repr": "Герберы", "action_flag": 2, "change_message": "[{\"changed\": {\"fields\": [\"\\u0426\\u0435\\u043d\\u0430 \\u0431\\u0443\\u043a\\u0435\\u0442\\u0430\", \"\\u0426\\u0435\\u043d\\u043e\\u0432\\u0430\\u044f \\u043a\\u0430\\u0442\\u0435\\u0433\\u043e\\u0440\\u0438\\u044f\"]}}]"}}, {"model": "admin.logentry", "pk": 17, "fields": {"action_time": "2023-01-19T19:06:24.604Z", "user": 1, "content_type": 8, "object_id": "3", "object_repr": "Дешевый", "action_flag": 1, "change_message": "[{\"added\": {}}]"}}, {"model": "admin.logentry", "pk": 18, "fields": {"action_time": "2023-01-19T19:07:06.212Z", "user": 1, "content_type": 8, "object_id": "4", "object_repr": "Тяп ляп", "action_flag": 1, "change_message": "[{\"added\": {}}]"}}, {"model": "admin.logentry", "pk": 19, "fields": {"action_time": "2023-01-19T19:08:40.872Z", "user": 1, "content_type": 8, "object_id": "5", "object_repr": "розы", "action_flag": 1, "change_message": "[{\"added\": {}}]"}}, {"model": "admin.logentry", "pk": 20, "fields": {"action_time": "2023-01-19T19:24:07.897Z", "user": 1, "content_type": 8, "object_id": "6", "object_repr": "проба", "action_flag": 1, "change_message": "[{\"added\": {}}]"}}, {"model": "admin.logentry", "pk": 21, "fields": {"action_time": "2023-01-21T06:41:54.571Z", "user": 1, "content_type": 8, "object_id": "7", "object_repr": "Букет из роз", "action_flag": 1, "change_message": "[{\"added\": {}}]"}}, {"model": "admin.logentry", "pk": 22, "fields": {"action_time": "2023-01-21T06:42:40.030Z", "user": 1, "content_type": 8, "object_id": "8", "object_repr": "Букет из роз", "action_flag": 1, "change_message": "[{\"added\": {}}]"}}, {"model": "admin.logentry", "pk": 23, "fields": {"action_time": "2023-01-21T06:44:33.740Z", "user": 1, "content_type": 8, "object_id": "9", "object_repr": "Французская роскошь", "action_flag": 1, "change_message": "[{\"added\": {}}]"}}, {"model": "admin.logentry", "pk": 24, "fields": {"action_time": "2023-01-21T06:45:25.230Z", "user": 1, "content_type": 8, "object_id": "10", "object_repr": "Французская роскошь", "action_flag": 1, "change_message": "[{\"added\": {}}]"}}, {"model": "admin.logentry", "pk": 25, "fields": {"action_time": "2023-01-21T06:45:56.134Z", "user": 1, "content_type": 8, "object_id": "11", "object_repr": "Французская роскошь", "action_flag": 1, "change_message": "[{\"added\": {}}]"}}, {"model": "admin.logentry", "pk": 26, "fields": {"action_time": "2023-01-21T06:47:53.584Z", "user": 1, "content_type": 8, "object_id": "12", "object_repr": "Френч Нау", "action_flag": 1, "change_message": "[{\"added\": {}}]"}}, {"model": "admin.logentry", "pk": 27, "fields": {"action_time": "2023-01-21T06:48:20.116Z", "user": 1, "content_type": 8, "object_id": "13", "object_repr": "Френч Нау", "action_flag": 1, "change_message": "[{\"added\": {}}]"}}, {"model": "admin.logentry", "pk": 28, "fields": {"action_time": "2023-01-21T06:48:44.788Z", "user": 1, "content_type": 8, "object_id": "14", "object_repr": "Френч Нау", "action_flag": 1, "change_message": "[{\"added\": {}}]"}}, {"model": "admin.logentry", "pk": 29, "fields": {"action_time": "2023-01-21T06:51:32.657Z", "user": 1, "content_type": 8, "object_id": "15", "object_repr": "Белые тюльпаны", "action_flag": 1, "change_message": "[{\"added\": {}}]"}}, {"model": "admin.logentry", "pk": 30, "fields": {"action_time": "2023-01-21T06:52:25.173Z", "user": 1, "content_type": 8, "object_id": "16", "object_repr": "Белые тюльпаны", "action_flag": 1, "change_message": "[{\"added\": {}}]"}}, {"model": "admin.logentry", "pk": 31, "fields": {"action_time": "2023-01-21T06:55:09.501Z", "user": 1, "content_type": 8, "object_id": "17", "object_repr": "Нежно-розовые кустовые розочки", "action_flag": 1, "change_message": "[{\"added\": {}}]"}}, {"model": "admin.logentry", "pk": 32, "fields": {"action_time": "2023-01-21T06:56:17.947Z", "user": 1, "content_type": 8, "object_id": "18", "object_repr": "Нежно-розовые кустовые розочки", "action_flag": 1, "change_message": "[{\"added\": {}}]"}}, {"model": "admin.logentry", "pk": 33, "fields": {"action_time": "2023-01-21T07:24:11.893Z", "user": 1, "content_type": 8, "object_id": "19", "object_repr": "Ирисы с розами", "action_flag": 1, "change_message": "[{\"added\": {}}]"}}, {"model": "admin.logentry", "pk": 34, "fields": {"action_time": "2023-01-21T07:27:05.313Z", "user": 1, "content_type": 8, "object_id": "20", "object_repr": "Ирисы с розами", "action_flag": 1, "change_message": "[{\"added\": {}}]"}}, {"model": "admin.logentry", "pk": 35, "fields": {"action_time": "2023-01-21T07:27:48.011Z", "user": 1, "content_type": 8, "object_id": "21", "object_repr": "Ирисы с розами", "action_flag": 1, "change_message": "[{\"added\": {}}]"}}, {"model": "admin.logentry", "pk": 36, "fields": {"action_time": "2023-01-21T07:37:20.420Z", "user": 1, "content_type": 8, "object_id": "22", "object_repr": "Отражение", "action_flag": 1, "change_message": "[{\"added\": {}}]"}}, {"model": "admin.logentry", "pk": 37, "fields": {"action_time": "2023-01-21T07:37:57.871Z", "user": 1, "content_type": 8, "object_id": "23", "object_repr": "Отражение", "action_flag": 1, "change_message": "[{\"added\": {}}]"}}, {"model": "admin.logentry", "pk": 38, "fields": {"action_time": "2023-01-21T07:38:33.242Z", "user": 1, "content_type": 8, "object_id": "24", "object_repr": "Отражение", "action_flag": 1, "change_message": "[{\"added\": {}}]"}}, {"model": "admin.logentry", "pk": 39, "fields": {"action_time": "2023-01-21T07:39:06.259Z", "user": 1, "content_type": 8, "object_id": "25", "object_repr": "Отражение", "action_flag": 1, "change_message": "[{\"added\": {}}]"}}, {"model": "admin.logentry", "pk": 40, "fields": {"action_time": "2023-01-21T07:44:14.715Z", "user": 1, "content_type": 8, "object_id": "26", "object_repr": "Желание принцессы", "action_flag": 1, "change_message": "[{\"added\": {}}]"}}, {"model": "admin.logentry", "pk": 41, "fields": {"action_time": "2023-01-21T07:48:19.453Z", "user": 1, "content_type": 8, "object_id": "27", "object_repr": "Восторженное чудо", "action_flag": 1, "change_message": "[{\"added\": {}}]"}}, {"model": "admin.logentry", "pk": 42, "fields": {"action_time": "2023-01-21T07:51:00.739Z", "user": 1, "content_type": 8, "object_id": "28", "object_repr": "Летнее наслаждение", "action_flag": 1, "change_message": "[{\"added\": {}}]"}}, {"model": "admin.logentry", "pk": 43, "fields": {"action_time": "2023-01-21T07:51:44.928Z", "user": 1, "content_type": 8, "object_id": "29", "object_repr": "Летнее наслаждение", "action_flag": 1, "change_message": "[{\"added\": {}}]"}}, {"model": "admin.logentry", "pk": 44, "fields": {"action_time": "2023-01-21T08:03:48.187Z", "user": 1, "content_type": 8, "object_id": "30", "object_repr": "Огненная радуга", "action_flag": 1, "change_message": "[{\"added\": {}}]"}}, {"model": "admin.logentry", "pk": 45, "fields": {"action_time": "2023-01-21T10:01:58.419Z", "user": 1, "content_type": 8, "object_id": "31", "object_repr": "Белые розы", "action_flag": 1, "change_message": "[{\"added\": {}}]"}}, {"model": "admin.logentry", "pk": 46, "fields": {"action_time": "2023-01-21T17:24:53.249Z", "user": 1, "content_type": 7, "object_id": "1", "object_repr": "Андрей", "action_flag": 2, "change_message": "[{\"changed\": {\"fields\": [\"\\u0418\\u043c\\u044f\", \"\\u0410\\u0434\\u0440\\u0435\\u0441\"]}}]"}}, {"model": "admin.logentry", "pk": 47, "fields": {"action_time": "2023-01-21T17:25:34.694Z", "user": 1, "content_type": 7, "object_id": "2", "object_repr": "Леха", "action_flag": 2, "change_message": "[{\"changed\": {\"fields\": [\"\\u0418\\u043c\\u044f\", \"\\u0424\\u0430\\u043c\\u0438\\u043b\\u0438\\u044f\"]}}]"}}, {"model": "admin.logentry", "pk": 48, "fields": {"action_time": "2023-01-22T18:37:48.984Z", "user": 1, "content_type": 7, "object_id": "4", "object_repr": "Максимус", "action_flag": 3, "change_message": ""}}, {"model": "admin.logentry", "pk": 49, "fields": {"action_time": "2023-01-22T18:37:48.990Z", "user": 1, "content_type": 7, "object_id": "5", "object_repr": "Женя", "action_flag": 3, "change_message": ""}}, {"model": "admin.logentry", "pk": 50, "fields": {"action_time": "2023-01-22T18:37:48.995Z", "user": 1, "content_type": 7, "object_id": "6", "object_repr": "ыкпык", "action_flag": 3, "change_message": ""}}, {"model": "admin.logentry", "pk": 51, "fields": {"action_time": "2023-01-22T18:37:49.002Z", "user": 1, "content_type": 7, "object_id": "7", "object_repr": "gsdrg", "action_flag": 3, "change_message": ""}}, {"model": "admin.logentry", "pk": 52, "fields": {"action_time": "2023-01-22T18:37:49.010Z", "user": 1, "content_type": 7, "object_id": "9", "object_repr": "dscd", "action_flag": 3, "change_message": ""}}, {"model": "admin.logentry", "pk": 53, "fields": {"action_time": "2023-01-22T18:37:49.037Z", "user": 1, "content_type": 7, "object_id": "10", "object_repr": "ftnh", "action_flag": 3, "change_message": ""}}, {"model": "admin.logentry", "pk": 54, "fields": {"action_time": "2023-01-22T18:37:49.044Z", "user": 1, "content_type": 7, "object_id": "11", "object_repr": "88", "action_flag": 3, "change_message": ""}}, {"model": "admin.logentry", "pk": 55, "fields": {"action_time": "2023-01-22T18:37:49.052Z", "user": 1, "content_type": 7, "object_id": "13", "object_repr": "g", "action_flag": 3, "change_message": ""}}, {"model": "auth.user", "pk": 1, "fields": {"password": "pbkdf2_sha256$600000$lcYx09zrcma2nlHPAVpIys$NGbqNFaGDFTV+nfAAvdKalF4s2lCclF0hRqQlJJlvrQ=", "last_login": "2024-01-06T07:35:08.984Z", "is_superuser": true, "username": "user", "first_name": "", "last_name": "", "email": "anikeev.maks@rambler.ru", "is_staff": true, "is_active": true, "date_joined": "2023-01-18T07:10:33.140Z", "groups": [], "user_permissions": []}}, {"model": "sessions.session", "pk": "enbtqz75bhej23aeeqc2dj0k77lc5h0v", "fields": {"session_data": ".eJxVjDsOwjAQBe_iGln-rmNK-pzB2vUaHECOFCcV4u4QKQW0b2beSyTc1pq2XpY0sTgLLU6_G2F-lLYDvmO7zTLPbV0mkrsiD9rlOHN5Xg7376Bir9-a0IKj4hUSgDMaB8NMATyG7G1wg8qIzoMiNCY6G-I1eqVdKFax0iDeH9lJNvo:1pI2au:_O7FrhSExaQDGjB_6z0s0R5H60Rkcpa7ez0OVdpntIA", "expire_date": "2023-02-01T07:10:48.246Z"}}, {"model": "sessions.session", "pk": "fulq9qr2mxzv5ow957884mk7yc8pe2en", "fields": {"session_data": ".eJxVjL0OAiEQhN-F2hAOCD-W9j4DWXZXOTWQHHeV8d3lkiu0mWLm--YtEmxrSVvnJc0kzmISp98uAz657gM9oN6bxFbXZc5yR-SxdnltxK_Lwf4dFOhl2IzKISGbKSvW4HkE4fADGBs0WxOCVyFmdYuoPUdNNkdlyQYXnWbx-QIThzhn:1pIxdF:cJWY8Hs77kP_EYaf5IxPlC0iPJH-9S8bu-M3NPhmRTo", "expire_date": "2023-02-03T20:05:01.137Z"}}, {"model": "sessions.session", "pk": "w3nw7wsvx7dd0yizf3pnbv7ho99omcxz", "fields": {"session_data": ".eJxVjDsOwjAQBe_iGln-JP5Q0nMGa727xgHkSHFSIe4OkVJA-2bmvUSCba1p67ykicRZaHH63TLgg9sO6A7tNkuc27pMWe6KPGiX15n4eTncv4MKvX5r1JbsgDwWymNxxgaKig1oLHEonsmizyogBwOgfXYxeh1U8S56sDqI9wcAGjgV:1rM1D2:NVucd88qI7xhomVifPIwDyS5W0Ky2T9uJbmKCCX1bWc", "expire_date": "2024-01-20T07:35:08.987Z"}}, {"model": "flower_shop.reason", "pk": 1, "fields": {"name": "День рождения"}}, {"model": "flower_shop.reason", "pk": 2, "fields": {"name": "Свадьба"}}, {"model": "flower_shop.reason", "pk": 3, "fields": {"name": "8 марта"}}, {"model": "flower_shop.reason", "pk": 4, "fields": {"name": "14 февраля"}}, {"model": "flower_shop.categoryprice", "pk": 1, "fields": {"name": "до 500р"}}, {"model": "flower_shop.categoryprice", "pk": 2, "fields": {"name": "500 -  1000р"}}, {"model": "flower_shop.categoryprice", "pk": 4, "fields": {"name": "1000 - 2000р"}}, {"model": "flower_shop.categoryprice", "pk": 5, "fields": {"name": "более 2000р"}}, {"model": "flower_shop.flowersbunch", "pk": 1, "fields": {"name": "Нежность", "price": 3500, "image": "Нежность.jpeg", "description": "Проверка модели", "composition": "Розы и бумажки", "reason": 1, "category": 5}}, {"model": "flower_shop.flowersbunch", "pk": 2, "fields": {"name": "Герберы", "price": 1200, "image": "Герберы.jpeg", "description": "аукмымык", "composition": "ыкыксы", "reason": 1, "category": 4}}, {"model": "flower_shop.flowersbunch", "pk": 3, "fields": {"name": "Дешевый", "price": 500, "image": "Дешевый.jpeg", "description": "кпыыка", "composition": "ыкпцак", "reason": 2, "category": 1}}, {"model": "flower_shop.flowersbunch", "pk": 4, "fields": {"name": "Тяп ляп", "price": 1500, "image": "тяп_ляп.jpeg", "description": "дешевый", "composition": "нетуууу", "reason": 3, "category": 2}}, {"model": "flower_shop.flowersbunch", "pk": 5, "fields": {"name": "розы", "price": 500, "image": "розы.jpg", "description": "дорогой", "composition": "вумывык", "reason": 1, "category": 1}}, {"model": "flower_shop.flowersbunch", "pk": 6, "fields": {"name": "проба", "price": 4000, "image": "тяп_ляп_cMGTMY8.jpeg", "description": "ррр", "composition": "щпгщ", "reason": 2, "category": 5}}, {"model": "flower_shop.flowersbunch", "pk": 7, "fields": {"name": "Букет из роз", "price": 1490, "image": "Букет_роз.jpeg", "description": "Нежный подарок", "composition": "Роза сортовая Кения розовая 40см - 4шт, Роза сортовая Кения белая 40см - 3шт, писташ", "reason": 3, "category": 4}}, {"model": "flower_shop.flowersbunch", "pk": 8, "fields": {"name": "Букет из роз", "price": 1450, "image": "Букет_роз_pA7UZuH.jpeg", "description": "Нежный подарок", "composition": "Роза сортовая Кения розовая 40см - 4шт, Роза сортовая Кения белая 40см - 3шт, писташ", "reason": 4, "category": 4}}, {"model": "flower_shop.flowersbunch", "pk": 9, "fields": {"name": "Французская роскошь", "price": 1990, "image": "Французская_роскошь.jpg", "description": "Огромная коробка в нежных тонах из пионовидных французских роз, роз из солнечного Эквадора и ароматнейшего эвкалипта покорит любую!", "composition": "Состав как на фото Кустовая пионовидная роза - 15 шт.  Орхидея белая 5 шт. 10 шт. Английская роза - 10 шт. Зелень.", "reason": 1, "category": 4}}, {"model": "flower_shop.flowersbunch", "pk": 10, "fields": {"name": "Французская роскошь", "price": 1990, "image": "Французская_роскошь_iLg9qz4.jpg", "description": "Огромная коробка в нежных тонах из пионовидных французских роз, роз из солнечного Эквадора и ароматнейшего эвкалипта покорит любую!", "composition": "Состав как на фото Кустовая пионовидная роза - 15 шт.  Орхидея белая 5 шт. 10 шт. Английская роза - 10 шт. Зелень.", "reason": 2, "category": 4}}, {"model": "flower_shop.flowersbunch", "pk": 11, "fields": {"name": "Французская роскошь", "price": 1990, "image": "Французская_роскошь_ANRjBM1.jpg", "description": "Огромная коробка в нежных тонах из пионовидных французских роз, роз из солнечного Эквадора и ароматнейшего эвкалипта покорит любую!", "composition": "Состав как на фото Кустовая пионовидная роза - 15 шт.  Орхидея белая 5 шт. 10 шт. Английская роза - 10 шт. Зелень.", "reason": 3, "category": 4}}, {"model": "flower_shop.flowersbunch", "pk": 12, "fields": {"name": "Френч Нау", "price": 790, "image": "Френч_Нау.jpg", "description": "Представляем вашему вниманию нежную композицию «Френч Нау».  Такой букет точно понравится Получателю, который любит минимализм и нежность.", "composition": "Гвоздики", "reason": 3, "category": 2}}, {"model": "flower_shop.flowersbunch", "pk": 13, "fields": {"name": "Френч Нау", "price": 790, "image": "Френч_Нау_YAWFVry.jpg", "description": "Представляем вашему вниманию нежную композицию «Френч Нау».  Такой букет точно понравится Получателю, который любит минимализм и нежность.", "composition": "Гвоздики", "reason": 4, "category": 2}}, {"model": "flower_shop.flowersbunch", "pk": 14, "fields": {"name": "Френч Нау", "price": 790, "image": "Френч_Нау_PwHYcrQ.jpg", "description": "Представляем вашему вниманию нежную композицию «Френч Нау».  Такой букет точно понравится Получателю, который любит минимализм и нежность.", "composition": "Гвоздики", "reason": 1, "category": 2}}, {"model": "flower_shop.flowersbunch", "pk": 15, "fields": {"name": "Белые тюльпаны", "price": 2600, "image": "Белые_тюльпаны_.jpeg", "description": "Весенний букет", "composition": "35 белых тюльпанов", "reason": 3, "category": 5}}, {"model": "flower_shop.flowersbunch", "pk": 16, "fields": {"name": "Белые тюльпаны", "price": 2600, "image": "Белые_тюльпаны__AzzVY7v.jpeg", "description": "Весенний букет", "composition": "35 белых тюльпанов", "reason": 4, "category": 5}}, {"model": "flower_shop.flowersbunch", "pk": 17, "fields": {"name": "Нежно-розовые кустовые розочки", "price": 1600, "image": "Кустовые_розочки.jpg", "description": "Композиция очень нежная и подойдет для ценителей чего — то прекрасного.  Аромат розы помогает успокоиться или расслабиться после тяжелого дня.", "composition": "Розы разноцветные - 13 шт", "reason": 1, "category": 4}}, {"model": "flower_shop.flowersbunch", "pk": 18, "fields": {"name": "Нежно-розовые кустовые розочки", "price": 1600, "image": "Кустовые_розочки_DVOVa9W.jpg", "description": "Композиция очень нежная и подойдет для ценителей чего — то прекрасного.  Аромат розы помогает успокоиться или расслабиться после тяжелого дня.", "composition": "Розы разноцветные - 13 шт", "reason": 3, "category": 4}}, {"model": "flower_shop.flowersbunch", "pk": 19, "fields": {"name": "Ирисы с розами", "price": 1990, "image": "Ирисы.jpg", "description": "Представляем вашему вниманию нежную и гармоничную композицию букет с розами и ирисами. Ирисы издавна считались очень полезными цветами для здоровья. Аромат ирисов помогает снять усталость и избавиться от стресса. Такой букет понравится всем без исключения своей необычностью.", "composition": "Ирисы - 11 шт,  аваланж - 5 шт, писташ - 1 шт,", "reason": 3, "category": 4}}, {"model": "flower_shop.flowersbunch", "pk": 20, "fields": {"name": "Ирисы с розами", "price": 1990, "image": "Ирисы_ZrDkUQh.jpg", "description": "Представляем вашему вниманию нежную и гармоничную композицию букет с розами и ирисами. Ирисы издавна считались очень полезными цветами для здоровья. Аромат ирисов помогает снять усталость и избавиться от стресса.", "composition": "Ирисы - 11 шт,  аваланж - 5 шт, писташ - 1 шт,", "reason": 3, "category": 4}}, {"model": "flower_shop.flowersbunch", "pk": 21, "fields": {"name": "Ирисы с розами", "price": 1990, "image": "Ирисы_r5J57sr.jpg", "description": "Представляем вашему вниманию нежную и гармоничную композицию букет с розами и ирисами. Ирисы издавна считались очень полезными цветами для здоровья. Аромат ирисов помогает снять усталость и избавиться от стресса.", "composition": "Ирисы - 11 шт,  аваланж - 5 шт, писташ - 1 шт,", "reason": 4, "category": 4}}, {"model": "flower_shop.flowersbunch", "pk": 22, "fields": {"name": "Отражение", "price": 1190, "image": "Отражение.jpg", "description": "Представляем вам прекрасный букет из хризантем и роз «Отражение» . Этот букет идеально подойдет для подарка любимой девушке.", "composition": "Белые хризантемы - 4 шт, красные розы - 5 шт,", "reason": 1, "category": 4}}, {"model": "flower_shop.flowersbunch", "pk": 23, "fields": {"name": "Отражение", "price": 1190, "image": "Отражение_LZzbYxL.jpg", "description": "Представляем вам прекрасный букет из хризантем и роз «Отражение» . Этот букет идеально подойдет для подарка любимой девушке.", "composition": "Белые хризантемы - 4 шт, красные розы - 5 шт,", "reason": 2, "category": 4}}, {"model": "flower_shop.flowersbunch", "pk": 24, "fields": {"name": "Отражение", "price": 1190, "image": "Отражение_NPJN0sI.jpg", "description": "Представляем вам прекрасный букет из хризантем и роз «Отражение» . Этот букет идеально подойдет для подарка любимой девушке.", "composition": "Белые хризантемы - 4 шт, красные розы - 5 шт,", "reason": 3, "category": 4}}, {"model": "flower_shop.flowersbunch", "pk": 25, "fields": {"name": "Отражение", "price": 1190, "image": "Отражение_Ub4zzUC.jpg", "description": "Представляем вам прекрасный букет из хризантем и роз «Отражение» . Этот букет идеально подойдет для подарка любимой девушке.", "composition": "Белые хризантемы - 4 шт, красные розы - 5 шт,", "reason": 4, "category": 4}}, {"model": "flower_shop.flowersbunch", "pk": 26, "fields": {"name": "Желание принцессы", "price": 5490, "image": "Желание_принцессы.jpg", "description": "Представляем вашему вниманию пышный букет из  роз «101 желание принцессы». Композиция выглядит стильно и элегантно.", "composition": "Роза 30 см - 101 шт", "reason": 2, "category": 5}}, {"model": "flower_shop.flowersbunch", "pk": 27, "fields": {"name": "Восторженное чудо", "price": 3190, "image": "Восторженное_чудо.jpg", "description": "Представляем вашему вниманию букет «Восторженное чудо». Порадуйте своих близких свежим и ароматным букетом.", "composition": "Розы - 19 шт, эустомы - 9 шт, гвоздики - 3 шт, веточка гиперикума", "reason": 2, "category": 5}}, {"model": "flower_shop.flowersbunch", "pk": 28, "fields": {"name": "Летнее наслаждение", "price": 2890, "image": "Летнее_наслаждение.jpg", "description": "Представляем вам композицию из «Летнее наслаждение». Такой подарок порадует ваших близких без исключения.", "composition": "Персиковые гвоздики - 4 шт, розовые гвоздики - 3 шт, белая роза - 3 шт, кустовая нежно розовая роза - 2 шт, гиперикум - 3 шт, эвкалипт - 4 шт, пионовидная одноголовая - 1 шт, кустовая белая роза - 2 шт", "reason": 1, "category": 5}}, {"model": "flower_shop.flowersbunch", "pk": 29, "fields": {"name": "Летнее наслаждение", "price": 2890, "image": "Летнее_наслаждение_BrmIFMb.jpg", "description": "Представляем вам композицию из «Летнее наслаждение». Такой подарок порадует ваших близких без исключения.", "composition": "Персиковые гвоздики - 4 шт, розовые гвоздики - 3 шт, белая роза - 3 шт, кустовая нежно розовая роза - 2 шт, гиперикум - 3 шт, эвкалипт - 4 шт, пионовидная одноголовая - 1 шт, кустовая белая роза - 2 шт", "reason": 2, "category": 5}}, {"model": "flower_shop.flowersbunch", "pk": 30, "fields": {"name": "Огненная радуга", "price": 450, "image": "Огненная_радуга.png", "description": "Будет отличным подарком", "composition": "Букет составлен из 11 веток альстромерий разного цвета", "reason": 1, "category": 1}}, {"model": "flower_shop.flowersbunch", "pk": 31, "fields": {"name": "Белые розы", "price": 3890, "image": "белые_розы.jpeg", "description": "Белые розы", "composition": "кпыпыкчп", "reason": 1, "category": 5}}, {"model": "flower_shop.order", "pk": 1, "fields": {"firstname": "Андрей", "lastname": "", "address": "Есентуки", "phonenumber": "+79463457687", "comment": "", "order_status": "raw_order", "method_payment": "check_to_manager", "called_at": null, "delivered_at": "2023-01-22T12:00:00Z", "bunch": 3}}, {"model": "flower_shop.order", "pk": 2, "fields": {"firstname": "Леха", "lastname": "Мальцев", "address": "sdgdsg", "phonenumber": "+79463457687", "comment": "", "order_status": "raw_order", "method_payment": "check_to_manager", "called_at": null, "delivered_at": "2023-01-22T13:00:00Z", "bunch": 3}}, {"model": "flower_shop.order", "pk": 3, "fields": {"firstname": "Макс", "lastname": "", "address": "Москва", "phonenumber": "+79604568686", "comment": "", "order_status": "raw_order", "method_payment": "check_to_manager", "called_at": null, "delivered_at": "2023-01-22T11:00:00Z", "bunch": 3}}, {"model": "flower_shop.order", "pk": 8, "fields": {"firstname": "Макс", "lastname": "", "address": "Ставрополь", "phonenumber": "+79364566565", "comment": "", "order_status": "raw_order", "method_payment": "check_to_manager", "called_at": null, "delivered_at": "2023-01-22T14:00:00Z", "bunch": 16}}, {"model": "flower_shop.order", "pk": 14, "fields": {"firstname": "Марина", "lastname": "", "address": "Сюда", "phonenumber": "+79788675656", "comment": "", "order_status": "raw_order", "method_payment": "check_to_manager", "called_at": null, "delivered_at": "2023-01-23T12:00:00Z", "bunch": 24}}, {"model": "flower_shop.order", "pk": 16, "fields": {"firstname": "5", "lastname": "", "address": "8", "phonenumber": "+79463457687", "comment": "", "order_status": "raw_order", "method_payment": "check_to_manager", "called_at": null, "delivered_at": "2023-01-23T12:00:00Z", "bunch": 8}}, {"model": "flower_shop.order", "pk": 18, "fields": {"firstname": "Лена", "lastname": "", "address": "Санкт-Петербург", "phonenumber": "+79463457687", "comment": "", "order_status": "raw_order", "method_payment": "check_to_manager", "called_at": null, "delivered_at": "2023-01-23T12:00:00Z", "bunch": 12}}]
